{"cameraMode":{"drawMode":0,"name":"Shaded","section":"Shading Mode"},"sceneLighting":true,"audioPlay":false,"sceneViewState":{"m_AlwaysRefresh":false,"showFog":true,"showSkybox":true,"showFlares":true,"showImageEffects":true,"showParticleSystems":true,"showVisualEffectGraphs":true,"m_FxEnabled":true},"in2DMode":false,"pivot":{"x":-5.687162399291992,"y":2.7168426513671877,"z":25.673870086669923},"rotation":{"x":0.1428499072790146,"y":-0.028826909139752389,"z":0.0041717179119586948,"w":0.9893388152122498},"size":20.110471725463868,"orthographic":true}